{
  "presets": {
    "custom": {
      "use_logo_image": "1",
      "logo_image": "loaded_logo.png",
      "show_slider": "1",
      "show_slide_1": "1",
      "slider_img_1_link": "http://www.npf-bask.ru/collection/muzhskie-kurtki-alyaski/product/kurtka-alaska-v2",
      "show_slide_2": "1",
      "slider_img_2_link": "http://www.npf-bask.ru/collection/puhovye-kurtki-dlya-pohodov/product/kurtka-puhovaya-bask-khan-tengri-v6",
      "show_slide_3": "1",
      "slider_img_3_link": "http://www.npf-bask.ru/collection/zhenskie-kurtki-alyaski/product/palto-route-v3",
      "show_slide_4": "1",
      "slider_img_4_link": "http://www.npf-bask.ru/collection/teploe-termobelie/product/kurtka-greenwich-j",
      "show_slide_5": "1",
      "slider_img_5_link": "http://www.npf-bask.ru/collection/puhovye-spalniki-premium/product/spalnik-puhovoy-mustang-780-fp-m-v2",
      "show_slide_6": "1",
      "slider_img_6_link": "http://www.npf-bask.ru/collection/termobelie-srednee",
      "show_slide_7": "1",
      "slider_img_7_link": "#link7",
      "show_protect": "1",
      "show_noscript": "1",
      "noscript": "Для корректной работы интернет-магазина необходимо включить поддержку JavaScript. (Проверьте настройки Вашего веб-обозревателя)"
    }
  },
  "current": "custom"
}