  {"collections":
 {"kategoriya":"Средства защиты",
  "instr":"Электроинструмент",
  "frontpage":"Товары на главной",
  "popular":"популярные товары",
  "special":"Товар недели"
 },
 "block_lists":
 {
  "main":"main"
 },
  "blocks":
  {
  "Банер":"Акции и распродажи",
   "Tovar-nedeli":"Товар недели",
   "условия-доставки":"Условия доставки"
 },
 "menus":
 {"main-menu":"Верхнее меню",
  "footer":"Нижнее меню"
  
 }
} 